feature,importance
Humidity,0.2714375328532409
Asset_Utilization,0.2509995788200096
Temperature,0.24609389954286517
Waiting_Time,0.23146898878388422
